date,region,product_category,quantity,price_per_unit,sales,profit,margin
2023-11-24,East,Beauty,3,50,150,45.0,0.3
2023-02-27,Oceania,Clothing,2,500,1000,300.0,0.3
2023-01-13,Oceania,Electronics,1,30,30,9.0,0.3
2023-05-21,Central,Clothing,1,500,500,150.0,0.3
2023-05-06,Africa,Beauty,2,50,100,30.0,0.3
2023-04-25,Oceania,Beauty,1,30,30,9.0,0.3
2023-03-13,Oceania,Clothing,2,25,50,15.0,0.3
2023-02-22,Oceania,Electronics,4,25,100,30.0,0.3
2023-12-13,West,Electronics,2,300,600,180.0,0.3
2023-10-07,South,Clothing,4,50,200,60.0,0.3
2023-02-14,South,Clothing,2,50,100,30.0,0.3
2023-10-30,Central Asia,Beauty,3,25,75,22.5,0.3
2023-08-05,EMEA,Electronics,3,500,1500,450.0,0.3
2023-01-17,South,Clothing,4,30,120,36.0,0.3
2023-01-16,North Asia,Electronics,4,500,2000,600.0,0.3
2023-02-17,Central,Clothing,3,500,1500,450.0,0.3
2023-04-22,South,Clothing,4,25,100,30.0,0.3
2023-04-30,South,Electronics,2,25,50,15.0,0.3
2023-09-16,Oceania,Clothing,2,25,50,15.0,0.3
2023-11-05,Africa,Clothing,3,300,900,270.0,0.3
2023-01-14,EMEA,Beauty,1,500,500,150.0,0.3
2023-10-15,Central,Clothing,2,50,100,30.0,0.3
2023-04-12,North Asia,Clothing,4,30,120,36.0,0.3
2023-11-29,North,Clothing,1,300,300,90.0,0.3
2023-12-26,North,Beauty,1,50,50,15.0,0.3
2023-10-07,Central,Electronics,2,500,1000,300.0,0.3
2023-08-03,North Asia,Beauty,2,25,50,15.0,0.3
2023-04-23,Central,Beauty,1,500,500,150.0,0.3
2023-08-18,West,Electronics,1,30,30,9.0,0.3
2023-10-29,Central Asia,Beauty,3,300,900,270.0,0.3
2023-05-23,Caribbean,Electronics,4,300,1200,360.0,0.3
2023-01-04,Central,Beauty,3,30,90,27.0,0.3
2023-03-23,Central,Electronics,2,50,100,30.0,0.3
2023-12-24,Oceania,Clothing,3,50,150,45.0,0.3
2023-08-05,West,Beauty,3,300,900,270.0,0.3
2023-06-24,Africa,Beauty,3,300,900,270.0,0.3
2023-05-23,East,Beauty,3,25,75,22.5,0.3
2023-03-21,South,Beauty,4,50,200,60.0,0.3
2023-04-21,North,Clothing,4,30,120,36.0,0.3
2023-06-22,Oceania,Beauty,1,50,50,15.0,0.3
2023-02-22,Southeast Asia,Clothing,2,25,50,15.0,0.3
2023-02-17,Central Asia,Clothing,3,300,900,270.0,0.3
2023-07-14,Central Asia,Clothing,1,300,300,90.0,0.3
2023-02-19,North,Clothing,1,25,25,7.5,0.3
2023-07-03,Central,Electronics,1,30,30,9.0,0.3
2023-06-26,Central,Electronics,4,300,1200,360.0,0.3
2023-11-06,Central,Beauty,3,500,1500,450.0,0.3
2023-05-16,North Asia,Electronics,3,300,900,270.0,0.3
2023-01-23,Central Asia,Electronics,2,500,1000,300.0,0.3
2023-08-24,South,Beauty,3,25,75,22.5,0.3
2023-10-02,East,Beauty,3,25,75,22.5,0.3
2023-03-05,EMEA,Beauty,1,300,300,90.0,0.3
2023-07-13,West,Electronics,2,50,100,30.0,0.3
2023-02-10,North Asia,Electronics,3,500,1500,450.0,0.3
2023-10-10,Africa,Beauty,4,30,120,36.0,0.3
2023-05-31,Central Asia,Clothing,3,300,900,270.0,0.3
2023-11-18,West,Beauty,1,30,30,9.0,0.3
2023-11-13,Central Asia,Clothing,4,300,1200,360.0,0.3
2023-07-05,Oceania,Clothing,1,50,50,15.0,0.3
2023-10-23,South,Beauty,3,50,150,45.0,0.3
2023-04-09,Central Asia,Beauty,4,50,200,60.0,0.3
2023-12-27,East,Beauty,2,50,100,30.0,0.3
2023-02-05,Central,Electronics,2,25,50,15.0,0.3
2023-01-24,Central,Clothing,4,25,100,30.0,0.3
2023-12-05,North Asia,Electronics,4,500,2000,600.0,0.3
2023-04-27,South,Electronics,1,30,30,9.0,0.3
2023-05-29,South,Beauty,4,300,1200,360.0,0.3
2023-02-10,Central Asia,Electronics,1,300,300,90.0,0.3
2023-04-30,North,Beauty,3,25,75,22.5,0.3
2023-02-21,EMEA,Clothing,1,300,300,90.0,0.3
2023-07-14,North Asia,Beauty,4,25,100,30.0,0.3
2023-05-23,Central,Electronics,4,500,2000,600.0,0.3
2023-08-21,Africa,Electronics,3,30,90,27.0,0.3
2023-11-22,Southeast Asia,Beauty,4,500,2000,600.0,0.3
2023-07-06,North,Beauty,4,50,200,60.0,0.3
2023-03-25,Oceania,Electronics,2,50,100,30.0,0.3
2023-07-09,South,Clothing,2,50,100,30.0,0.3
2023-07-01,Central,Clothing,3,500,1500,450.0,0.3
2023-04-18,North Asia,Beauty,1,300,300,90.0,0.3
2023-12-10,Central Asia,Clothing,2,30,60,18.0,0.3
2023-05-17,Central,Electronics,1,50,50,15.0,0.3
2023-12-26,Africa,Beauty,4,50,200,60.0,0.3
2023-12-16,Central,Electronics,2,50,100,30.0,0.3
2023-11-28,East,Electronics,3,30,90,27.0,0.3
2023-02-06,Central,Clothing,3,50,150,45.0,0.3
2023-11-08,Southeast Asia,Beauty,3,30,90,27.0,0.3
2023-11-22,Africa,Beauty,2,50,100,30.0,0.3
2023-03-29,Oceania,Clothing,1,500,500,150.0,0.3
2023-10-01,Central Asia,Electronics,4,500,2000,600.0,0.3
2023-05-06,North Asia,Electronics,1,30,30,9.0,0.3
2023-03-25,Central Asia,Electronics,1,500,500,150.0,0.3
2023-08-25,West,Electronics,4,30,120,36.0,0.3
2023-07-14,Central,Beauty,4,500,2000,600.0,0.3
2023-05-19,Canada,Beauty,2,500,1000,300.0,0.3
2023-11-24,Southeast Asia,Clothing,2,30,60,18.0,0.3
2023-12-19,Oceania,Clothing,2,300,600,180.0,0.3
2023-10-13,Central,Beauty,2,500,1000,300.0,0.3
2023-04-23,Oceania,Beauty,2,50,100,30.0,0.3
2023-12-17,Central,Electronics,4,300,1200,360.0,0.3
2023-06-16,Central,Electronics,1,30,30,9.0,0.3
2023-01-29,Africa,Clothing,2,300,600,180.0,0.3
2023-04-28,Oceania,Beauty,2,25,50,15.0,0.3
2023-01-17,Central,Clothing,1,25,25,7.5,0.3
2023-06-11,North,Beauty,2,500,1000,300.0,0.3
2023-07-25,Central,Electronics,1,500,500,150.0,0.3
2023-05-18,Central,Clothing,1,50,50,15.0,0.3
2023-02-03,West,Clothing,4,300,1200,360.0,0.3
2023-04-19,South,Beauty,3,25,75,22.5,0.3
2023-10-18,Oceania,Electronics,4,500,2000,600.0,0.3
2023-06-11,Central,Clothing,3,300,900,270.0,0.3
2023-04-19,East,Electronics,3,500,1500,450.0,0.3
2023-12-02,Central,Clothing,3,500,1500,450.0,0.3
2023-09-13,South,Electronics,2,25,50,15.0,0.3
2023-07-22,Oceania,Beauty,4,25,100,30.0,0.3
2023-11-26,North Asia,Clothing,3,500,1500,450.0,0.3
2023-08-23,West,Clothing,1,30,30,9.0,0.3
2023-03-15,Central,Electronics,2,500,1000,300.0,0.3
2023-05-16,West,Electronics,4,500,2000,600.0,0.3
2023-03-13,Central,Clothing,3,50,150,45.0,0.3
2023-05-07,North Asia,Beauty,1,50,50,15.0,0.3
2023-10-15,Oceania,Electronics,4,50,200,60.0,0.3
2023-10-03,East,Electronics,4,30,120,36.0,0.3
2023-05-15,Central,Electronics,2,30,60,18.0,0.3
2023-10-27,Oceania,Clothing,4,500,2000,600.0,0.3
2023-08-08,Central,Clothing,2,50,100,30.0,0.3
2023-10-26,Southeast Asia,Clothing,3,30,90,27.0,0.3
2023-07-24,South,Clothing,2,25,50,15.0,0.3
2023-07-05,East,Beauty,1,500,500,150.0,0.3
2023-04-23,East,Beauty,2,300,600,180.0,0.3
2023-03-12,South,Clothing,1,500,500,150.0,0.3
2023-09-18,Central Asia,Beauty,2,300,600,180.0,0.3
2023-09-10,North Asia,Electronics,4,50,200,60.0,0.3
2023-02-16,Southeast Asia,Electronics,3,300,900,270.0,0.3
2023-01-25,Southeast Asia,Electronics,1,50,50,15.0,0.3
2023-02-26,West,Clothing,2,25,50,15.0,0.3
2023-03-20,Southeast Asia,Electronics,2,300,600,180.0,0.3
2023-11-18,North,Beauty,2,500,1000,300.0,0.3
2023-03-23,North Asia,Clothing,4,50,200,60.0,0.3
2023-12-15,Central,Beauty,4,500,2000,600.0,0.3
2023-08-05,West,Electronics,1,30,30,9.0,0.3
2023-11-02,South,Electronics,1,50,50,15.0,0.3
2023-02-02,South,Electronics,4,300,1200,360.0,0.3
2023-07-17,Africa,Clothing,1,50,50,15.0,0.3
2023-07-15,West,Beauty,3,500,1500,450.0,0.3
2023-11-02,Southeast Asia,Clothing,3,25,75,22.5,0.3
2023-08-28,Oceania,Clothing,4,50,200,60.0,0.3
2023-09-28,North Asia,Electronics,1,300,300,90.0,0.3
2023-05-09,East,Clothing,2,30,60,18.0,0.3
2023-10-11,Oceania,Clothing,3,25,75,22.5,0.3
2023-01-06,Central Asia,Electronics,4,30,120,36.0,0.3
2023-12-15,Central,Clothing,1,50,50,15.0,0.3
2023-02-28,Central,Electronics,4,500,2000,600.0,0.3
2023-12-16,Central,Electronics,2,500,1000,300.0,0.3
2023-10-02,Central,Electronics,3,300,900,270.0,0.3
2023-05-17,Oceania,Electronics,4,500,2000,600.0,0.3
2023-11-25,Central,Clothing,4,25,100,30.0,0.3
2023-06-24,Central,Electronics,4,500,2000,600.0,0.3
2023-02-27,Central,Electronics,2,300,600,180.0,0.3
2023-05-31,East,Clothing,4,50,200,60.0,0.3
2023-08-11,North,Clothing,2,50,100,30.0,0.3
2023-03-22,North Asia,Beauty,2,500,1000,300.0,0.3
2023-08-21,South,Clothing,2,30,60,18.0,0.3
2023-01-02,EMEA,Clothing,3,50,150,45.0,0.3
2023-05-15,North Asia,Beauty,3,500,1500,450.0,0.3
2023-09-14,Oceania,Clothing,4,300,1200,360.0,0.3
2023-04-02,Central,Clothing,4,500,2000,600.0,0.3
2023-09-17,Southeast Asia,Clothing,3,50,150,45.0,0.3
2023-02-24,Southeast Asia,Clothing,1,300,300,90.0,0.3
2023-11-17,North,Beauty,3,500,1500,450.0,0.3
2023-06-02,Southeast Asia,Clothing,2,25,50,15.0,0.3
2023-11-24,Oceania,Clothing,3,300,900,270.0,0.3
2023-09-17,East,Beauty,2,25,50,15.0,0.3
2023-11-08,Southeast Asia,Electronics,4,30,120,36.0,0.3
2023-04-12,East,Beauty,1,300,300,90.0,0.3
2023-03-20,North Asia,Electronics,4,25,100,30.0,0.3
2023-07-11,North,Beauty,2,50,100,30.0,0.3
2023-03-24,North,Beauty,2,50,100,30.0,0.3
2023-10-04,EMEA,Clothing,2,30,60,18.0,0.3
2023-09-29,South,Electronics,1,300,300,90.0,0.3
2023-01-01,South,Clothing,3,300,900,270.0,0.3
2023-11-03,EMEA,Electronics,4,300,1200,360.0,0.3
2023-06-15,Central,Beauty,4,30,120,36.0,0.3
2023-09-08,Central,Beauty,3,300,900,270.0,0.3
2023-01-10,South,Electronics,4,50,200,60.0,0.3
2023-02-27,Central Asia,Clothing,1,25,25,7.5,0.3
2023-07-05,Central,Clothing,4,50,200,60.0,0.3
2023-06-07,Oceania,Clothing,2,50,100,30.0,0.3
2023-05-03,Central Asia,Clothing,3,25,75,22.5,0.3
2023-01-30,Southeast Asia,Beauty,1,50,50,15.0,0.3
2023-05-04,North,Beauty,3,30,90,27.0,0.3
2023-10-18,Southeast Asia,Beauty,1,25,25,7.5,0.3
2023-02-10,Oceania,Beauty,2,50,100,30.0,0.3
2023-02-13,North,Beauty,3,500,1500,450.0,0.3
2023-09-06,West,Clothing,4,50,200,60.0,0.3
2023-02-05,Southeast Asia,Clothing,1,30,30,9.0,0.3
2023-09-30,West,Clothing,3,300,900,270.0,0.3
2023-03-06,Central,Clothing,4,50,200,60.0,0.3
2023-03-07,East,Beauty,3,300,900,270.0,0.3
2023-12-04,Oceania,Beauty,3,500,1500,450.0,0.3
2023-09-01,Central,Beauty,3,50,150,45.0,0.3
2023-10-09,North Asia,Electronics,1,25,25,7.5,0.3
2023-03-26,Oceania,Clothing,4,300,1200,360.0,0.3
2023-05-16,East,Clothing,2,500,1000,300.0,0.3
2023-09-28,Southeast Asia,Beauty,1,25,25,7.5,0.3
2023-11-07,Africa,Clothing,1,25,25,7.5,0.3
2023-08-05,South,Clothing,1,25,25,7.5,0.3
2023-04-19,East,Beauty,2,25,50,15.0,0.3
2023-10-04,East,Electronics,4,50,200,60.0,0.3
2023-12-20,Caribbean,Electronics,4,50,200,60.0,0.3
2023-04-13,East,Electronics,4,50,200,60.0,0.3
2024-01-01,North Asia,Beauty,3,500,1500,450.0,0.3
2023-06-09,Central,Clothing,3,500,1500,450.0,0.3
2023-07-24,West,Beauty,3,500,1500,450.0,0.3
2023-12-10,EMEA,Beauty,2,30,60,18.0,0.3
2023-11-29,Central Asia,Clothing,3,500,1500,450.0,0.3
2023-07-11,North Asia,Electronics,2,50,100,30.0,0.3
2023-08-13,South,Electronics,4,50,200,60.0,0.3
2023-09-22,Central Asia,Beauty,3,30,90,27.0,0.3
2023-08-20,Oceania,Electronics,3,30,90,27.0,0.3
2023-03-03,Southeast Asia,Beauty,1,500,500,150.0,0.3
2023-05-07,EMEA,Beauty,2,300,600,180.0,0.3
2023-04-26,East,Clothing,4,30,120,36.0,0.3
2023-02-02,North Asia,Clothing,1,25,25,7.5,0.3
2023-06-23,North Asia,Clothing,1,50,50,15.0,0.3
2023-01-11,Central Asia,Beauty,4,25,100,30.0,0.3
2023-10-29,Central Asia,Clothing,1,50,50,15.0,0.3
2023-10-11,Oceania,Electronics,2,50,100,30.0,0.3
2023-04-28,Southeast Asia,Electronics,2,30,60,18.0,0.3
2023-10-29,North Asia,Beauty,3,30,90,27.0,0.3
2023-04-23,Central,Beauty,1,25,25,7.5,0.3
2023-01-04,Central,Clothing,3,50,150,45.0,0.3
2023-02-06,West,Beauty,1,25,25,7.5,0.3
2023-12-29,East,Beauty,2,300,600,180.0,0.3
2023-11-20,Africa,Electronics,2,25,50,15.0,0.3
2023-01-31,Africa,Electronics,2,500,1000,300.0,0.3
2023-04-28,South,Clothing,1,25,25,7.5,0.3
2023-02-04,East,Beauty,2,500,1000,300.0,0.3
2023-01-17,North,Beauty,1,500,500,150.0,0.3
2023-06-19,Central,Electronics,3,500,1500,450.0,0.3
2023-02-06,West,Beauty,1,300,300,90.0,0.3
2023-09-21,East,Electronics,3,25,75,22.5,0.3
2023-05-02,EMEA,Clothing,1,25,25,7.5,0.3
2023-05-23,Southeast Asia,Electronics,3,300,900,270.0,0.3
2023-12-09,North,Beauty,2,50,100,30.0,0.3
2023-09-06,Central,Clothing,3,30,90,27.0,0.3
2023-04-20,EMEA,Electronics,2,25,50,15.0,0.3
2023-10-04,Oceania,Electronics,2,30,60,18.0,0.3
2023-03-09,West,Clothing,3,300,900,270.0,0.3
2023-10-20,South,Clothing,1,50,50,15.0,0.3
2023-10-23,Africa,Electronics,1,50,50,15.0,0.3
2023-08-31,Central Asia,Beauty,4,50,200,60.0,0.3
2023-05-05,Central,Electronics,1,300,300,90.0,0.3
2023-08-31,Africa,Clothing,4,500,2000,600.0,0.3
2023-07-28,Oceania,Electronics,1,500,500,150.0,0.3
2023-04-08,North Asia,Clothing,1,30,30,9.0,0.3
2023-02-18,South,Clothing,2,500,1000,300.0,0.3
2023-02-19,Central,Beauty,4,500,2000,600.0,0.3
2023-12-04,Central,Clothing,1,50,50,15.0,0.3
2023-08-09,West,Clothing,4,50,200,60.0,0.3
2023-07-01,South,Beauty,2,30,60,18.0,0.3
2023-08-05,Central,Clothing,2,25,50,15.0,0.3
2023-07-30,Central,Beauty,4,30,120,36.0,0.3
2023-08-28,North Asia,Beauty,2,30,60,18.0,0.3
2023-01-28,Central,Clothing,3,300,900,270.0,0.3
2023-12-11,Central,Clothing,3,300,900,270.0,0.3
2023-12-01,Central,Electronics,2,30,60,18.0,0.3
2023-11-27,Southeast Asia,Beauty,3,30,90,27.0,0.3
2023-02-20,South,Electronics,1,30,30,9.0,0.3
2023-02-01,Central,Clothing,4,500,2000,600.0,0.3
2023-07-26,North,Electronics,1,300,300,90.0,0.3
2023-06-23,Oceania,Beauty,4,30,120,36.0,0.3
2023-02-25,North Asia,Electronics,2,50,100,30.0,0.3
2023-05-08,North,Beauty,1,50,50,15.0,0.3
2023-04-09,Africa,Clothing,2,500,1000,300.0,0.3
2023-04-08,Central Asia,Clothing,2,500,1000,300.0,0.3
2023-10-02,South,Beauty,4,25,100,30.0,0.3
2023-08-18,Southeast Asia,Clothing,4,25,100,30.0,0.3
2023-03-13,Southeast Asia,Clothing,4,25,100,30.0,0.3
2023-08-05,Caribbean,Clothing,1,500,500,150.0,0.3
2023-04-04,Central,Clothing,3,500,1500,450.0,0.3
2023-05-23,Oceania,Beauty,4,500,2000,600.0,0.3
2023-08-25,East,Electronics,4,50,200,60.0,0.3
2023-05-08,EMEA,Electronics,1,500,500,150.0,0.3
2023-02-08,North,Clothing,4,50,200,60.0,0.3
2023-08-15,North,Electronics,1,25,25,7.5,0.3
2023-10-09,North,Electronics,2,25,50,15.0,0.3
2023-02-20,West,Clothing,4,25,100,30.0,0.3
2023-01-26,West,Clothing,4,30,120,36.0,0.3
2023-11-30,West,Electronics,2,30,60,18.0,0.3
2023-10-04,EMEA,Beauty,2,300,600,180.0,0.3
2023-01-08,East,Clothing,2,300,600,180.0,0.3
2023-02-17,Africa,Beauty,4,300,1200,360.0,0.3
2023-05-02,North,Electronics,3,30,90,27.0,0.3
2023-03-27,Oceania,Clothing,3,30,90,27.0,0.3
2023-07-28,Africa,Beauty,3,300,900,270.0,0.3
2023-09-06,North,Clothing,4,300,1200,360.0,0.3
2023-09-04,Central Asia,Electronics,2,500,1000,300.0,0.3
2023-04-20,Southeast Asia,Beauty,4,300,1200,360.0,0.3
2023-07-25,South,Electronics,2,500,1000,300.0,0.3
2023-01-31,North Asia,Electronics,4,50,200,60.0,0.3
2023-03-26,North Asia,Clothing,4,30,120,36.0,0.3
2023-07-14,Central,Beauty,2,300,600,180.0,0.3
2023-01-02,EMEA,Electronics,3,30,90,27.0,0.3
2023-07-19,South,Electronics,2,30,60,18.0,0.3
2023-05-16,Oceania,Beauty,1,30,30,9.0,0.3
2023-08-21,East,Electronics,1,50,50,15.0,0.3
2023-05-27,Oceania,Electronics,2,25,50,15.0,0.3
2023-08-05,South,Beauty,4,300,1200,360.0,0.3
2023-12-23,Africa,Beauty,1,25,25,7.5,0.3
2023-10-12,East,Beauty,1,25,25,7.5,0.3
2023-12-05,North,Beauty,4,25,100,30.0,0.3
2023-09-07,Southeast Asia,Clothing,4,30,120,36.0,0.3
2023-03-21,Central,Beauty,3,500,1500,450.0,0.3
2023-04-08,Central Asia,Clothing,4,30,120,36.0,0.3
2023-06-01,Central,Clothing,2,30,60,18.0,0.3
2023-04-22,Oceania,Clothing,2,25,50,15.0,0.3
2023-01-30,Central,Electronics,3,30,90,27.0,0.3
2023-10-24,Central,Clothing,1,25,25,7.5,0.3
2023-10-05,North Asia,Clothing,1,500,500,150.0,0.3
2023-02-01,EMEA,Electronics,4,300,1200,360.0,0.3
2023-06-10,Central Asia,Electronics,2,25,50,15.0,0.3
2023-01-30,Central,Electronics,1,500,500,150.0,0.3
2023-01-26,South,Beauty,3,300,900,270.0,0.3
2023-10-27,South,Electronics,3,50,150,45.0,0.3
2023-09-02,Southeast Asia,Electronics,2,25,50,15.0,0.3
2023-09-15,Southeast Asia,Clothing,3,25,75,22.5,0.3
2023-09-29,Central,Electronics,3,50,150,45.0,0.3
2023-03-22,Southeast Asia,Beauty,2,50,100,30.0,0.3
2023-01-30,Africa,Electronics,4,25,100,30.0,0.3
2023-09-18,Central,Beauty,4,50,200,60.0,0.3
2023-02-11,North Asia,Electronics,3,30,90,27.0,0.3
2023-04-06,East,Electronics,4,300,1200,360.0,0.3
2023-02-05,Southeast Asia,Electronics,4,300,1200,360.0,0.3
2023-11-01,Central,Electronics,3,300,900,270.0,0.3
2023-02-04,Oceania,Beauty,4,30,120,36.0,0.3
2023-12-12,South,Beauty,3,50,150,45.0,0.3
2023-05-01,Central,Clothing,1,500,500,150.0,0.3
2023-07-26,South,Beauty,2,50,100,30.0,0.3
2023-03-03,Central,Electronics,2,25,50,15.0,0.3
2023-10-19,East,Clothing,4,300,1200,360.0,0.3
2023-05-07,EMEA,Clothing,4,50,200,60.0,0.3
2023-10-24,West,Clothing,4,500,2000,600.0,0.3
2023-11-01,South,Electronics,2,25,50,15.0,0.3
2023-01-21,South,Beauty,1,30,30,9.0,0.3
2023-11-14,Central,Electronics,1,30,30,9.0,0.3
2023-02-11,Southeast Asia,Clothing,2,500,1000,300.0,0.3
2023-08-03,Oceania,Electronics,1,25,25,7.5,0.3
2023-12-03,Oceania,Electronics,2,300,600,180.0,0.3
2023-10-26,East,Beauty,1,50,50,15.0,0.3
2023-10-17,Central,Beauty,3,25,75,22.5,0.3
2023-09-25,Central,Clothing,3,30,90,27.0,0.3
2023-06-11,Central,Electronics,2,500,1000,300.0,0.3
2023-05-14,West,Electronics,1,500,500,150.0,0.3
2023-04-15,Central,Beauty,4,50,200,60.0,0.3
2023-12-09,Africa,Electronics,1,500,500,150.0,0.3
2023-06-10,Oceania,Electronics,3,500,1500,450.0,0.3
2023-05-03,Central,Electronics,3,25,75,22.5,0.3
2023-05-16,West,Beauty,1,300,300,90.0,0.3
2023-07-22,Central,Clothing,1,50,50,15.0,0.3
2023-03-09,Central,Clothing,4,25,100,30.0,0.3
2023-12-10,West,Electronics,4,300,1200,360.0,0.3
2023-11-27,Central,Clothing,1,25,25,7.5,0.3
2023-06-03,Central Asia,Beauty,1,25,25,7.5,0.3
2023-08-23,Oceania,Beauty,1,500,500,150.0,0.3
2023-06-11,Central,Clothing,1,300,300,90.0,0.3
2023-02-07,North,Clothing,2,50,100,30.0,0.3
2023-01-05,Oceania,Electronics,1,50,50,15.0,0.3
2023-08-23,Oceania,Clothing,4,300,1200,360.0,0.3
2023-11-15,Southeast Asia,Electronics,3,500,1500,450.0,0.3
2023-10-16,Central,Electronics,2,30,60,18.0,0.3
2023-02-21,Central Asia,Beauty,1,25,25,7.5,0.3
2023-02-07,Central,Beauty,3,500,1500,450.0,0.3
2023-10-03,South,Beauty,2,300,600,180.0,0.3
2023-04-20,North,Beauty,3,25,75,22.5,0.3
2023-09-17,North Asia,Clothing,1,50,50,15.0,0.3
2023-05-16,Africa,Beauty,1,30,30,9.0,0.3
2023-03-09,Southeast Asia,Clothing,4,50,200,60.0,0.3
2023-06-28,Central Asia,Beauty,1,300,300,90.0,0.3
2023-02-05,North,Clothing,1,25,25,7.5,0.3
2023-05-06,Central,Electronics,2,300,600,180.0,0.3
2023-07-09,Central Asia,Clothing,4,25,100,30.0,0.3
2023-05-26,Central,Clothing,2,500,1000,300.0,0.3
2023-03-22,Southeast Asia,Beauty,3,30,90,27.0,0.3
2023-08-13,Central,Clothing,1,500,500,150.0,0.3
2023-10-06,EMEA,Electronics,3,500,1500,450.0,0.3
2023-12-27,Central Asia,Electronics,2,300,600,180.0,0.3
2023-06-04,South,Beauty,1,30,30,9.0,0.3
2023-11-10,North,Electronics,1,25,25,7.5,0.3
2023-12-01,EMEA,Clothing,2,25,50,15.0,0.3
2023-09-28,North,Electronics,2,50,100,30.0,0.3
2023-01-05,East,Beauty,2,25,50,15.0,0.3
2023-12-08,South,Clothing,2,300,600,180.0,0.3
2023-10-11,Central Asia,Beauty,2,500,1000,300.0,0.3
2023-06-03,Central,Clothing,1,500,500,150.0,0.3
2023-12-06,Central,Electronics,2,500,1000,300.0,0.3
2023-02-23,North Asia,Beauty,1,30,30,9.0,0.3
2023-03-10,Africa,Beauty,1,25,25,7.5,0.3
2023-05-16,North,Clothing,2,300,600,180.0,0.3
2023-03-01,Oceania,Beauty,2,30,60,18.0,0.3
2023-02-24,Central,Clothing,4,50,200,60.0,0.3
2023-10-11,South,Clothing,1,300,300,90.0,0.3
2023-03-21,Southeast Asia,Clothing,2,300,600,180.0,0.3
2023-05-20,Central Asia,Clothing,2,300,600,180.0,0.3
2023-05-25,EMEA,Electronics,2,500,1000,300.0,0.3
2023-11-06,Central Asia,Clothing,4,300,1200,360.0,0.3
2023-04-18,East,Beauty,4,25,100,30.0,0.3
2023-06-25,South,Electronics,3,300,900,270.0,0.3
2023-04-15,Central,Beauty,1,500,500,150.0,0.3
2023-12-18,Central Asia,Electronics,3,300,900,270.0,0.3
2023-11-21,North,Clothing,2,50,100,30.0,0.3
2023-05-16,Central,Electronics,4,50,200,60.0,0.3
2023-09-16,Africa,Electronics,4,500,2000,600.0,0.3
2023-09-08,North Asia,Beauty,3,25,75,22.5,0.3
2023-05-09,Central,Beauty,4,25,100,30.0,0.3
2023-01-27,Africa,Clothing,2,30,60,18.0,0.3
2023-02-17,Central,Electronics,4,500,2000,600.0,0.3
2023-11-21,Africa,Electronics,3,300,900,270.0,0.3
2023-08-05,North Asia,Electronics,2,500,1000,300.0,0.3
2023-05-22,East,Clothing,3,30,90,27.0,0.3
2023-01-23,East,Clothing,4,500,2000,600.0,0.3
2023-01-02,North Asia,Clothing,3,500,1500,450.0,0.3
2023-06-20,North Asia,Clothing,3,30,90,27.0,0.3
2023-03-08,Central Asia,Clothing,1,25,25,7.5,0.3
2023-11-23,Central,Beauty,4,300,1200,360.0,0.3
2023-05-15,Oceania,Electronics,4,30,120,36.0,0.3
2023-03-24,North Asia,Electronics,3,50,150,45.0,0.3
2023-08-15,Africa,Electronics,1,25,25,7.5,0.3
2023-10-10,Central,Electronics,4,50,200,60.0,0.3
2023-12-28,Central,Electronics,2,25,50,15.0,0.3
2023-08-07,Central Asia,Electronics,3,300,900,270.0,0.3
2023-10-15,North,Electronics,4,300,1200,360.0,0.3
2023-01-05,Central,Electronics,2,500,1000,300.0,0.3
2023-02-27,North,Beauty,4,50,200,60.0,0.3
2023-02-08,East,Electronics,2,25,50,15.0,0.3
2023-12-20,West,Beauty,3,300,900,270.0,0.3
2023-03-18,Southeast Asia,Clothing,4,30,120,36.0,0.3
2023-10-07,Central,Electronics,4,300,1200,360.0,0.3
2023-01-19,North,Clothing,1,30,30,9.0,0.3
2023-07-09,Oceania,Clothing,3,25,75,22.5,0.3
2023-10-26,South,Clothing,2,300,600,180.0,0.3
2023-10-10,EMEA,Beauty,4,300,1200,360.0,0.3
2023-03-17,South,Clothing,4,25,100,30.0,0.3
2023-08-09,Southeast Asia,Clothing,2,300,600,180.0,0.3
2023-03-07,EMEA,Clothing,3,30,90,27.0,0.3
2023-01-22,South,Electronics,1,300,300,90.0,0.3
2023-06-07,Central Asia,Electronics,1,50,50,15.0,0.3
2023-07-06,South,Beauty,4,500,2000,600.0,0.3
2023-01-21,South,Beauty,2,30,60,18.0,0.3
2023-07-03,Central,Electronics,4,50,200,60.0,0.3
2023-04-18,North Asia,Beauty,2,25,50,15.0,0.3
2023-12-16,EMEA,Electronics,1,30,30,9.0,0.3
2023-05-08,North,Clothing,3,500,1500,450.0,0.3
2023-12-08,Africa,Clothing,2,500,1000,300.0,0.3
2023-02-22,Africa,Beauty,1,25,25,7.5,0.3
2023-07-01,North Asia,Electronics,4,25,100,30.0,0.3
2023-10-14,Caribbean,Electronics,2,30,60,18.0,0.3
2023-07-28,South,Beauty,3,300,900,270.0,0.3
2023-11-14,Central,Electronics,4,25,100,30.0,0.3
2023-03-21,EMEA,Clothing,4,300,1200,360.0,0.3
2023-05-02,Southeast Asia,Beauty,1,50,50,15.0,0.3
2023-03-25,Central Asia,Beauty,2,500,1000,300.0,0.3
2023-04-01,North Asia,Electronics,4,300,1200,360.0,0.3
2023-07-31,South,Beauty,3,500,1500,450.0,0.3
2023-01-13,North,Electronics,2,300,600,180.0,0.3
2023-04-02,EMEA,Electronics,3,50,150,45.0,0.3
2023-06-20,Oceania,Electronics,4,25,100,30.0,0.3
2023-07-30,Central,Electronics,3,50,150,45.0,0.3
2023-12-09,EMEA,Electronics,1,25,25,7.5,0.3
2023-05-08,Southeast Asia,Beauty,3,25,75,22.5,0.3
2023-05-17,Southeast Asia,Clothing,2,500,1000,300.0,0.3
2023-03-23,Southeast Asia,Clothing,3,50,150,45.0,0.3
2023-12-26,EMEA,Beauty,3,300,900,270.0,0.3
2023-02-25,North Asia,Beauty,1,50,50,15.0,0.3
2023-07-15,Central Asia,Clothing,3,500,1500,450.0,0.3
2023-01-20,North,Clothing,3,25,75,22.5,0.3
2023-08-29,Oceania,Clothing,4,500,2000,600.0,0.3
2023-04-24,Southeast Asia,Clothing,4,30,120,36.0,0.3
2023-04-13,Central Asia,Clothing,2,30,60,18.0,0.3
2023-08-24,North Asia,Electronics,4,300,1200,360.0,0.3
2023-06-29,South,Beauty,4,500,2000,600.0,0.3
2023-06-06,Central Asia,Electronics,4,300,1200,360.0,0.3
2023-04-27,East,Clothing,4,300,1200,360.0,0.3
2023-04-25,Africa,Clothing,1,30,30,9.0,0.3
2023-01-13,Oceania,Clothing,4,300,1200,360.0,0.3
2023-12-04,EMEA,Electronics,1,30,30,9.0,0.3
2023-04-09,South,Electronics,1,25,25,7.5,0.3
2023-07-24,Oceania,Clothing,4,500,2000,600.0,0.3
2023-06-18,North,Electronics,3,300,900,270.0,0.3
2023-05-23,Oceania,Electronics,1,30,30,9.0,0.3
2023-02-05,Canada,Clothing,3,50,150,45.0,0.3
2023-05-23,West,Electronics,3,300,900,270.0,0.3
2023-06-29,Central Asia,Beauty,4,25,100,30.0,0.3
2023-11-25,Central,Beauty,2,25,50,15.0,0.3
2023-09-18,EMEA,Beauty,4,50,200,60.0,0.3
2023-07-24,Africa,Beauty,2,30,60,18.0,0.3
2023-12-14,Central,Clothing,2,300,600,180.0,0.3
2023-10-02,East,Clothing,4,30,120,36.0,0.3
2023-06-19,Central,Clothing,4,25,100,30.0,0.3
2023-01-15,Central Asia,Beauty,2,30,60,18.0,0.3
2023-03-01,Southeast Asia,Beauty,4,25,100,30.0,0.3
2023-05-14,Central,Electronics,2,30,60,18.0,0.3
2023-04-02,East,Electronics,3,50,150,45.0,0.3
2023-10-25,Caribbean,Beauty,4,500,2000,600.0,0.3
2023-05-16,Southeast Asia,Beauty,3,50,150,45.0,0.3
2023-01-20,Central Asia,Beauty,1,50,50,15.0,0.3
2023-02-25,Oceania,Beauty,3,500,1500,450.0,0.3
2023-11-02,North Asia,Electronics,3,500,1500,450.0,0.3
2023-08-11,Oceania,Beauty,2,300,600,180.0,0.3
2023-06-26,Central,Electronics,3,300,900,270.0,0.3
2023-06-10,North,Beauty,4,50,200,60.0,0.3
2023-08-12,South,Beauty,2,50,100,30.0,0.3
2023-11-07,Oceania,Beauty,1,25,25,7.5,0.3
2023-09-19,South,Electronics,4,25,100,30.0,0.3
2023-03-01,Central Asia,Electronics,1,300,300,90.0,0.3
2023-07-17,Central Asia,Clothing,3,300,900,270.0,0.3
2023-10-23,North Asia,Beauty,4,25,100,30.0,0.3
2023-04-08,Central Asia,Clothing,4,25,100,30.0,0.3
2023-05-11,Caribbean,Clothing,1,30,30,9.0,0.3
2023-01-23,East,Electronics,4,30,120,36.0,0.3
2023-12-29,North,Electronics,4,25,100,30.0,0.3
2023-08-12,Central,Clothing,4,30,120,36.0,0.3
2023-01-01,Africa,Beauty,3,500,1500,450.0,0.3
2023-09-24,EMEA,Electronics,1,300,300,90.0,0.3
2023-10-03,Central Asia,Beauty,4,300,1200,360.0,0.3
2023-12-18,EMEA,Beauty,2,25,50,15.0,0.3
2023-12-10,Oceania,Clothing,2,50,100,30.0,0.3
2023-04-11,Central Asia,Clothing,2,25,50,15.0,0.3
2023-07-06,South,Clothing,2,30,60,18.0,0.3
2023-08-09,North Asia,Clothing,3,50,150,45.0,0.3
2023-02-05,Africa,Electronics,4,30,120,36.0,0.3
2023-12-07,Central,Electronics,1,500,500,150.0,0.3
2023-06-19,Central,Clothing,4,30,120,36.0,0.3
2023-11-16,South,Electronics,3,500,1500,450.0,0.3
2023-06-10,North,Clothing,2,500,1000,300.0,0.3
2023-12-06,Oceania,Beauty,3,30,90,27.0,0.3
2023-03-05,Central,Beauty,4,30,120,36.0,0.3
2023-06-03,North Asia,Beauty,1,500,500,150.0,0.3
2023-09-17,North,Clothing,3,50,150,45.0,0.3
2023-06-08,West,Beauty,1,500,500,150.0,0.3
2023-12-08,EMEA,Electronics,3,300,900,270.0,0.3
2023-07-29,Central,Beauty,1,500,500,150.0,0.3
2023-06-17,Central,Beauty,1,50,50,15.0,0.3
2023-07-26,Central,Beauty,2,300,600,180.0,0.3
2023-12-23,Southeast Asia,Electronics,1,25,25,7.5,0.3
2023-06-01,North,Clothing,2,25,50,15.0,0.3
2023-10-11,Africa,Electronics,4,50,200,60.0,0.3
2023-03-07,EMEA,Clothing,4,500,2000,600.0,0.3
2023-04-09,South,Clothing,2,30,60,18.0,0.3
2023-08-04,South,Beauty,2,50,100,30.0,0.3
2023-12-07,EMEA,Clothing,3,300,900,270.0,0.3
2023-07-14,Southeast Asia,Electronics,3,300,900,270.0,0.3
2023-12-13,Central,Electronics,3,25,75,22.5,0.3
2023-03-31,East,Clothing,4,300,1200,360.0,0.3
2023-11-12,North,Beauty,3,50,150,45.0,0.3
2023-10-19,East,Beauty,1,300,300,90.0,0.3
2023-06-04,South,Electronics,1,50,50,15.0,0.3
2023-07-27,East,Beauty,3,30,90,27.0,0.3
2023-10-08,North Asia,Clothing,1,25,25,7.5,0.3
2023-01-01,West,Clothing,4,300,1200,360.0,0.3
2023-06-05,Oceania,Electronics,1,50,50,15.0,0.3
2023-05-27,West,Clothing,4,500,2000,600.0,0.3
2023-04-18,Oceania,Electronics,2,25,50,15.0,0.3
2023-08-09,North Asia,Clothing,2,30,60,18.0,0.3
2023-10-24,Central,Electronics,2,50,100,30.0,0.3
2023-11-07,Canada,Beauty,2,30,60,18.0,0.3
2023-12-02,South,Clothing,1,30,30,9.0,0.3
2023-06-14,North,Clothing,3,300,900,270.0,0.3
2023-08-27,South,Electronics,1,300,300,90.0,0.3
2023-08-15,Central,Electronics,4,50,200,60.0,0.3
2023-08-15,Central Asia,Clothing,1,500,500,150.0,0.3
2023-12-12,South,Electronics,1,50,50,15.0,0.3
2023-04-20,South,Clothing,4,500,2000,600.0,0.3
2023-09-19,North Asia,Beauty,2,30,60,18.0,0.3
2023-08-31,East,Electronics,2,25,50,15.0,0.3
2023-03-28,Central,Clothing,2,50,100,30.0,0.3
2023-12-04,South,Beauty,3,50,150,45.0,0.3
2023-02-13,EMEA,Beauty,4,500,2000,600.0,0.3
2023-05-26,Southeast Asia,Clothing,4,30,120,36.0,0.3
2023-09-21,Central,Electronics,1,30,30,9.0,0.3
2023-12-06,Central,Clothing,3,500,1500,450.0,0.3
2023-11-21,Central Asia,Beauty,2,30,60,18.0,0.3
2023-11-14,Caribbean,Clothing,3,300,900,270.0,0.3
2023-06-21,Central,Electronics,4,25,100,30.0,0.3
2023-02-17,West,Beauty,4,50,200,60.0,0.3
2023-05-01,Central,Clothing,1,25,25,7.5,0.3
2023-12-11,Oceania,Electronics,1,50,50,15.0,0.3
2023-06-08,West,Beauty,4,300,1200,360.0,0.3
2023-04-26,Central,Electronics,2,30,60,18.0,0.3
2023-04-12,North Asia,Beauty,2,500,1000,300.0,0.3
2023-03-17,Caribbean,Clothing,3,300,900,270.0,0.3
2023-01-13,Africa,Electronics,4,25,100,30.0,0.3
2023-01-24,EMEA,Beauty,4,500,2000,600.0,0.3
2023-05-06,Central,Electronics,2,30,60,18.0,0.3
2023-09-01,Oceania,Electronics,2,300,600,180.0,0.3
2023-11-09,South,Clothing,4,500,2000,600.0,0.3
2023-02-07,Central Asia,Electronics,1,300,300,90.0,0.3
2023-08-22,Southeast Asia,Beauty,4,300,1200,360.0,0.3
2023-08-01,North,Beauty,4,30,120,36.0,0.3
2023-11-19,North,Beauty,2,50,100,30.0,0.3
2023-10-22,Central,Beauty,2,500,1000,300.0,0.3
2023-04-10,Central,Clothing,1,30,30,9.0,0.3
2023-12-23,Central,Electronics,1,300,300,90.0,0.3
2023-07-16,Central,Clothing,3,30,90,27.0,0.3
2023-09-11,Southeast Asia,Electronics,4,50,200,60.0,0.3
2023-07-24,Africa,Electronics,2,500,1000,300.0,0.3
2023-05-05,North Asia,Electronics,1,50,50,15.0,0.3
2023-03-17,Central,Clothing,3,25,75,22.5,0.3
2023-12-02,South,Electronics,3,500,1500,450.0,0.3
2023-12-19,Central,Clothing,2,50,100,30.0,0.3
2023-01-03,North Asia,Beauty,2,300,600,180.0,0.3
2023-02-24,Oceania,Beauty,3,500,1500,450.0,0.3
2023-08-06,Caribbean,Electronics,1,500,500,150.0,0.3
2023-04-23,Central Asia,Clothing,3,30,90,27.0,0.3
2023-04-01,Oceania,Beauty,4,300,1200,360.0,0.3
2023-12-23,East,Clothing,4,25,100,30.0,0.3
2023-09-23,North Asia,Clothing,2,50,100,30.0,0.3
2023-08-26,Central,Electronics,1,30,30,9.0,0.3
2023-01-26,West,Beauty,1,50,50,15.0,0.3
2023-10-13,East,Electronics,4,25,100,30.0,0.3
2023-05-08,North Asia,Electronics,3,25,75,22.5,0.3
2023-03-04,North,Beauty,2,500,1000,300.0,0.3
2023-08-22,North,Beauty,3,25,75,22.5,0.3
2023-03-10,South,Clothing,3,50,150,45.0,0.3
2023-08-26,South,Beauty,3,300,900,270.0,0.3
2023-12-08,Caribbean,Clothing,1,300,300,90.0,0.3
2023-09-29,South,Clothing,4,500,2000,600.0,0.3
2023-10-14,East,Clothing,1,50,50,15.0,0.3
2023-11-01,North Asia,Beauty,4,50,200,60.0,0.3
2023-06-12,North Asia,Electronics,2,25,50,15.0,0.3
2023-08-15,Southeast Asia,Clothing,2,50,100,30.0,0.3
2023-11-10,South,Electronics,3,30,90,27.0,0.3
2023-09-16,Oceania,Electronics,4,25,100,30.0,0.3
2023-08-07,EMEA,Beauty,4,30,120,36.0,0.3
2023-10-08,South,Electronics,4,500,2000,600.0,0.3
2023-08-17,North Asia,Electronics,3,300,900,270.0,0.3
2023-03-23,Southeast Asia,Beauty,3,500,1500,450.0,0.3
2023-09-01,North,Clothing,2,300,600,180.0,0.3
2023-08-19,Africa,Electronics,1,500,500,150.0,0.3
2023-05-13,South,Beauty,4,50,200,60.0,0.3
2023-05-07,Central,Electronics,4,30,120,36.0,0.3
2023-11-23,Oceania,Electronics,1,300,300,90.0,0.3
2023-05-22,Southeast Asia,Clothing,4,25,100,30.0,0.3
2023-09-24,Oceania,Electronics,3,30,90,27.0,0.3
2023-09-06,South,Beauty,3,25,75,22.5,0.3
2023-11-17,North,Electronics,4,30,120,36.0,0.3
2023-05-03,South,Clothing,3,30,90,27.0,0.3
2023-05-21,Central,Clothing,3,500,1500,450.0,0.3
2023-08-14,Central,Beauty,4,300,1200,360.0,0.3
2023-02-09,Oceania,Clothing,2,300,600,180.0,0.3
2024-01-01,East,Electronics,1,30,30,9.0,0.3
2023-05-27,East,Clothing,3,50,150,45.0,0.3
2023-05-01,North Asia,Beauty,2,50,100,30.0,0.3
2023-05-20,Central,Clothing,3,25,75,22.5,0.3
2023-06-21,North Asia,Clothing,3,25,75,22.5,0.3
2023-06-13,West,Clothing,1,500,500,150.0,0.3
2023-10-04,North,Beauty,3,30,90,27.0,0.3
2023-02-11,South,Clothing,1,25,25,7.5,0.3
2023-03-12,Central,Clothing,1,25,25,7.5,0.3
2023-03-19,Central,Electronics,1,30,30,9.0,0.3
2023-04-29,Central,Beauty,2,500,1000,300.0,0.3
2023-07-16,Central,Clothing,4,25,100,30.0,0.3
2023-12-22,North Asia,Beauty,2,500,1000,300.0,0.3
2023-03-20,South,Clothing,4,300,1200,360.0,0.3
2023-12-28,Central,Clothing,4,500,2000,600.0,0.3
2023-04-20,Central,Clothing,1,50,50,15.0,0.3
2023-02-02,West,Electronics,3,50,150,45.0,0.3
2023-08-01,South,Electronics,1,500,500,150.0,0.3
2023-07-28,North,Electronics,3,50,150,45.0,0.3
2023-06-19,Oceania,Beauty,4,300,1200,360.0,0.3
2023-10-05,Africa,Beauty,1,30,30,9.0,0.3
2023-08-27,South,Electronics,3,50,150,45.0,0.3
2023-08-01,Caribbean,Beauty,2,50,100,30.0,0.3
2023-02-01,East,Clothing,3,500,1500,450.0,0.3
2023-04-16,North Asia,Clothing,1,300,300,90.0,0.3
2023-08-04,Central Asia,Clothing,2,30,60,18.0,0.3
2023-07-19,North Asia,Electronics,3,500,1500,450.0,0.3
2023-10-27,Central Asia,Beauty,3,500,1500,450.0,0.3
2023-12-23,North,Electronics,3,300,900,270.0,0.3
2023-01-11,North Asia,Beauty,3,30,90,27.0,0.3
2023-10-22,North,Clothing,3,300,900,270.0,0.3
2023-07-14,Central,Electronics,2,30,60,18.0,0.3
2023-09-02,Central,Beauty,4,300,1200,360.0,0.3
2023-01-04,Central,Beauty,2,500,1000,300.0,0.3
2023-06-30,South,Clothing,2,500,1000,300.0,0.3
2023-06-02,Oceania,Electronics,2,25,50,15.0,0.3
2023-07-19,Africa,Electronics,4,50,200,60.0,0.3
2023-08-03,Central,Electronics,1,300,300,90.0,0.3
2023-10-03,Central,Clothing,4,25,100,30.0,0.3
2023-10-07,West,Electronics,2,50,100,30.0,0.3
2023-11-05,North Asia,Clothing,3,300,900,270.0,0.3
2023-04-23,Africa,Clothing,3,30,90,27.0,0.3
2023-09-07,North,Clothing,2,50,100,30.0,0.3
2023-04-23,South,Beauty,3,500,1500,450.0,0.3
2023-05-20,Central,Electronics,2,25,50,15.0,0.3
2023-08-12,Central Asia,Electronics,3,50,150,45.0,0.3
2023-09-06,Central,Clothing,4,50,200,60.0,0.3
2023-01-15,Africa,Clothing,1,500,500,150.0,0.3
2023-07-19,North Asia,Electronics,1,300,300,90.0,0.3
2023-06-22,East,Clothing,4,30,120,36.0,0.3
2023-12-09,EMEA,Electronics,4,500,2000,600.0,0.3
2023-12-14,Central,Beauty,2,30,60,18.0,0.3
2023-07-27,East,Clothing,2,300,600,180.0,0.3
2023-03-26,North,Electronics,2,50,100,30.0,0.3
2023-08-28,EMEA,Clothing,3,30,90,27.0,0.3
2023-03-07,Southeast Asia,Electronics,2,25,50,15.0,0.3
2023-11-15,Central,Electronics,4,25,100,30.0,0.3
2023-10-01,Africa,Clothing,1,500,500,150.0,0.3
2023-01-14,West,Beauty,3,300,900,270.0,0.3
2023-07-21,East,Electronics,2,500,1000,300.0,0.3
2023-10-31,Oceania,Electronics,3,500,1500,450.0,0.3
2023-10-16,Southeast Asia,Electronics,3,500,1500,450.0,0.3
2023-12-06,Central,Beauty,2,25,50,15.0,0.3
2023-01-14,Oceania,Beauty,3,25,75,22.5,0.3
2023-02-12,West,Clothing,1,500,500,150.0,0.3
2023-11-26,East,Beauty,4,25,100,30.0,0.3
2023-08-08,Caribbean,Clothing,4,300,1200,360.0,0.3
2023-03-11,Central,Clothing,1,500,500,150.0,0.3
2023-08-25,Africa,Beauty,3,25,75,22.5,0.3
2023-04-04,East,Clothing,2,30,60,18.0,0.3
2023-01-26,Oceania,Beauty,3,500,1500,450.0,0.3
2023-05-14,South,Clothing,1,500,500,150.0,0.3
2023-07-14,East,Beauty,3,300,900,270.0,0.3
2023-06-17,Central,Beauty,4,50,200,60.0,0.3
2023-04-19,West,Clothing,3,50,150,45.0,0.3
2023-08-21,Oceania,Electronics,1,300,300,90.0,0.3
2023-06-17,EMEA,Clothing,4,300,1200,360.0,0.3
2023-06-22,Central,Beauty,3,300,900,270.0,0.3
2023-07-14,EMEA,Electronics,3,50,150,45.0,0.3
2023-05-23,EMEA,Clothing,4,300,1200,360.0,0.3
2023-08-04,North,Clothing,2,25,50,15.0,0.3
2023-05-10,EMEA,Clothing,4,500,2000,600.0,0.3
2023-02-11,Africa,Electronics,2,500,1000,300.0,0.3
2023-08-29,Oceania,Beauty,1,30,30,9.0,0.3
2023-01-10,North Asia,Clothing,1,30,30,9.0,0.3
2023-10-04,Oceania,Clothing,4,500,2000,600.0,0.3
2023-01-27,South,Clothing,4,25,100,30.0,0.3
2023-06-29,North Asia,Clothing,1,50,50,15.0,0.3
2023-04-25,Africa,Clothing,2,50,100,30.0,0.3
2023-11-29,North,Beauty,1,25,25,7.5,0.3
2023-02-05,Central,Beauty,4,50,200,60.0,0.3
2023-11-30,South,Clothing,1,300,300,90.0,0.3
2023-01-21,Oceania,Electronics,4,500,2000,600.0,0.3
2023-01-16,EMEA,Beauty,4,500,2000,600.0,0.3
2023-05-07,Central Asia,Electronics,1,25,25,7.5,0.3
2023-04-13,South,Beauty,2,50,100,30.0,0.3
2023-01-11,South,Clothing,3,30,90,27.0,0.3
2023-11-15,South,Beauty,1,30,30,9.0,0.3
2023-03-20,Central,Clothing,3,50,150,45.0,0.3
2023-05-03,Central,Beauty,1,30,30,9.0,0.3
2023-03-06,Africa,Clothing,3,25,75,22.5,0.3
2023-08-31,Central,Clothing,2,25,50,15.0,0.3
2023-12-09,North Asia,Clothing,2,50,100,30.0,0.3
2023-02-28,Central,Clothing,1,30,30,9.0,0.3
2023-10-16,South,Electronics,4,25,100,30.0,0.3
2023-04-22,Southeast Asia,Clothing,3,25,75,22.5,0.3
2023-08-27,East,Electronics,4,300,1200,360.0,0.3
2023-12-25,Central,Electronics,4,300,1200,360.0,0.3
2023-05-12,Southeast Asia,Clothing,4,25,100,30.0,0.3
2023-07-08,West,Electronics,2,50,100,30.0,0.3
2023-03-27,South,Beauty,1,500,500,150.0,0.3
2023-11-07,Central,Clothing,1,500,500,150.0,0.3
2023-11-07,North,Electronics,2,25,50,15.0,0.3
2023-02-28,Africa,Clothing,2,25,50,15.0,0.3
2023-03-25,South,Clothing,1,25,25,7.5,0.3
2023-06-09,East,Clothing,4,50,200,60.0,0.3
2023-02-25,EMEA,Electronics,3,300,900,270.0,0.3
2023-10-24,Oceania,Beauty,3,25,75,22.5,0.3
2023-01-14,North,Beauty,3,25,75,22.5,0.3
2023-06-09,South,Electronics,4,30,120,36.0,0.3
2023-10-22,Southeast Asia,Clothing,1,50,50,15.0,0.3
2023-12-13,Central Asia,Electronics,2,25,50,15.0,0.3
2023-07-12,EMEA,Electronics,1,30,30,9.0,0.3
2023-07-23,Southeast Asia,Electronics,4,500,2000,600.0,0.3
2023-04-12,Oceania,Clothing,2,25,50,15.0,0.3
2023-02-08,Africa,Electronics,4,25,100,30.0,0.3
2023-10-31,Central,Clothing,3,30,90,27.0,0.3
2023-12-20,Central,Electronics,3,50,150,45.0,0.3
2023-11-18,Canada,Beauty,4,25,100,30.0,0.3
2023-05-05,East,Electronics,2,500,1000,300.0,0.3
2023-02-22,North,Electronics,2,25,50,15.0,0.3
2023-12-23,Central,Beauty,1,500,500,150.0,0.3
2023-06-04,Southeast Asia,Clothing,3,300,900,270.0,0.3
2023-12-17,Central Asia,Clothing,1,300,300,90.0,0.3
2023-11-04,Caribbean,Electronics,1,500,500,150.0,0.3
2023-03-03,Africa,Beauty,4,50,200,60.0,0.3
2023-10-17,North Asia,Clothing,4,25,100,30.0,0.3
2023-01-22,Central,Electronics,1,25,25,7.5,0.3
2023-06-27,South,Beauty,3,300,900,270.0,0.3
2023-09-30,North,Clothing,4,500,2000,600.0,0.3
2023-08-08,EMEA,Clothing,1,25,25,7.5,0.3
2023-12-05,Oceania,Beauty,1,25,25,7.5,0.3
2023-07-09,Central Asia,Beauty,1,50,50,15.0,0.3
2023-02-05,West,Beauty,1,30,30,9.0,0.3
2023-09-17,Central,Beauty,1,300,300,90.0,0.3
2023-11-28,North,Electronics,1,300,300,90.0,0.3
2023-06-24,Central,Beauty,4,30,120,36.0,0.3
2023-01-07,East,Clothing,3,25,75,22.5,0.3
2023-08-04,South,Clothing,1,50,50,15.0,0.3
2023-09-08,Central,Electronics,2,50,100,30.0,0.3
2023-02-24,EMEA,Clothing,4,300,1200,360.0,0.3
2023-08-10,Oceania,Clothing,4,50,200,60.0,0.3
2023-07-05,Central,Beauty,1,30,30,9.0,0.3
2023-11-22,Africa,Clothing,4,25,100,30.0,0.3
2023-08-24,Central Asia,Electronics,1,30,30,9.0,0.3
2023-12-29,North Asia,Beauty,3,500,1500,450.0,0.3
2023-03-20,North,Beauty,3,300,900,270.0,0.3
2023-08-11,Central,Electronics,4,50,200,60.0,0.3
2023-04-01,West,Beauty,4,500,2000,600.0,0.3
2023-09-25,Central Asia,Beauty,2,50,100,30.0,0.3
2023-11-30,Central,Electronics,4,25,100,30.0,0.3
2023-05-19,Central,Beauty,2,25,50,15.0,0.3
2023-11-12,Oceania,Electronics,3,25,75,22.5,0.3
2023-10-03,Central Asia,Electronics,3,50,150,45.0,0.3
2023-09-05,Central Asia,Clothing,1,500,500,150.0,0.3
2023-08-27,Southeast Asia,Clothing,3,25,75,22.5,0.3
2023-08-12,Southeast Asia,Beauty,2,500,1000,300.0,0.3
2023-10-31,Africa,Beauty,4,50,200,60.0,0.3
2023-05-18,North,Electronics,1,500,500,150.0,0.3
2023-06-15,West,Beauty,2,50,100,30.0,0.3
2023-05-06,South,Electronics,4,50,200,60.0,0.3
2023-02-14,North,Electronics,1,300,300,90.0,0.3
2023-05-23,Southeast Asia,Beauty,3,50,150,45.0,0.3
2023-08-19,Central Asia,Electronics,2,50,100,30.0,0.3
2023-05-05,East,Clothing,4,30,120,36.0,0.3
2023-08-26,Central,Beauty,1,25,25,7.5,0.3
2023-10-19,Southeast Asia,Clothing,1,300,300,90.0,0.3
2023-11-09,North Asia,Beauty,3,300,900,270.0,0.3
2023-12-09,North Asia,Electronics,4,300,1200,360.0,0.3
2023-07-14,EMEA,Beauty,3,30,90,27.0,0.3
2023-06-22,Caribbean,Clothing,3,50,150,45.0,0.3
2023-01-15,Central Asia,Electronics,4,25,100,30.0,0.3
2023-09-11,South,Beauty,4,500,2000,600.0,0.3
2023-06-16,South,Beauty,4,50,200,60.0,0.3
2023-04-04,Central Asia,Beauty,2,30,60,18.0,0.3
2023-09-07,South,Clothing,4,50,200,60.0,0.3
2023-04-19,Oceania,Clothing,1,50,50,15.0,0.3
2023-07-01,South,Beauty,3,30,90,27.0,0.3
2023-05-13,East,Electronics,2,300,600,180.0,0.3
2023-06-24,East,Electronics,4,300,1200,360.0,0.3
2023-05-24,Central Asia,Clothing,2,25,50,15.0,0.3
2023-11-02,East,Electronics,4,25,100,30.0,0.3
2023-12-26,Southeast Asia,Clothing,2,300,600,180.0,0.3
2023-05-22,Southeast Asia,Beauty,3,500,1500,450.0,0.3
2023-10-12,Central Asia,Clothing,3,50,150,45.0,0.3
2023-01-06,North,Clothing,1,500,500,150.0,0.3
2023-09-22,South,Beauty,1,50,50,15.0,0.3
2023-04-08,Southeast Asia,Electronics,4,300,1200,360.0,0.3
2023-02-13,East,Clothing,3,25,75,22.5,0.3
2023-05-04,North,Clothing,2,25,50,15.0,0.3
2023-07-28,Central,Beauty,2,500,1000,300.0,0.3
2023-09-08,Central,Electronics,2,25,50,15.0,0.3
2023-10-12,South,Clothing,1,300,300,90.0,0.3
2023-05-04,Oceania,Beauty,2,500,1000,300.0,0.3
2023-12-20,EMEA,Clothing,1,50,50,15.0,0.3
2023-09-01,EMEA,Beauty,1,25,25,7.5,0.3
2023-11-27,South,Electronics,4,30,120,36.0,0.3
2023-12-31,South,Electronics,2,25,50,15.0,0.3
2023-09-09,North Asia,Electronics,2,50,100,30.0,0.3
2023-08-18,Central Asia,Electronics,3,500,1500,450.0,0.3
2023-01-09,East,Clothing,4,50,200,60.0,0.3
2023-02-17,North,Clothing,3,30,90,27.0,0.3
2023-05-31,Central,Electronics,4,300,1200,360.0,0.3
2023-04-24,Oceania,Electronics,2,25,50,15.0,0.3
2023-07-27,Central,Electronics,1,500,500,150.0,0.3
2023-12-21,East,Clothing,1,300,300,90.0,0.3
2023-05-05,EMEA,Electronics,1,50,50,15.0,0.3
2023-06-06,Central,Electronics,1,500,500,150.0,0.3
2023-12-06,Oceania,Electronics,1,300,300,90.0,0.3
2023-10-25,Central,Beauty,3,500,1500,450.0,0.3
2023-07-08,Central,Electronics,4,30,120,36.0,0.3
2023-08-31,West,Beauty,2,30,60,18.0,0.3
2023-10-11,West,Beauty,3,25,75,22.5,0.3
2023-09-29,North Asia,Electronics,4,25,100,30.0,0.3
2023-06-26,North Asia,Beauty,1,30,30,9.0,0.3
2023-08-06,Africa,Electronics,4,500,2000,600.0,0.3
2023-10-09,Oceania,Clothing,4,30,120,36.0,0.3
2023-06-19,West,Clothing,1,25,25,7.5,0.3
2023-06-30,West,Clothing,1,30,30,9.0,0.3
2023-12-26,North,Clothing,1,30,30,9.0,0.3
2023-08-21,North Asia,Beauty,2,500,1000,300.0,0.3
2023-05-19,Central,Electronics,1,300,300,90.0,0.3
2023-06-06,North Asia,Electronics,2,25,50,15.0,0.3
2023-05-09,Central Asia,Electronics,1,500,500,150.0,0.3
2023-04-29,West,Clothing,2,30,60,18.0,0.3
2023-03-03,Central,Clothing,4,30,120,36.0,0.3
2023-04-09,West,Electronics,3,300,900,270.0,0.3
2023-06-11,South,Clothing,4,25,100,30.0,0.3
2023-03-03,Oceania,Electronics,4,25,100,30.0,0.3
2023-10-02,Oceania,Electronics,1,50,50,15.0,0.3
2023-12-20,South,Electronics,2,25,50,15.0,0.3
2023-04-05,Oceania,Electronics,3,300,900,270.0,0.3
2023-04-09,North,Electronics,1,50,50,15.0,0.3
2023-04-21,North Asia,Electronics,1,50,50,15.0,0.3
2023-09-05,Africa,Electronics,1,30,30,9.0,0.3
2023-05-22,North,Clothing,4,30,120,36.0,0.3
2023-10-29,East,Electronics,2,25,50,15.0,0.3
2023-09-26,Central,Electronics,2,50,100,30.0,0.3
2023-11-02,East,Clothing,3,30,90,27.0,0.3
2023-05-25,Central,Clothing,2,300,600,180.0,0.3
2023-02-21,Central,Clothing,2,30,60,18.0,0.3
2023-04-10,Central,Electronics,1,30,30,9.0,0.3
2023-06-01,Central,Beauty,1,50,50,15.0,0.3
2023-04-27,East,Beauty,4,50,200,60.0,0.3
2023-07-04,Oceania,Clothing,1,500,500,150.0,0.3
2023-04-02,South,Beauty,1,300,300,90.0,0.3
2023-06-04,Oceania,Clothing,1,50,50,15.0,0.3
2023-01-08,EMEA,Electronics,1,25,25,7.5,0.3
2023-12-29,Oceania,Beauty,4,300,1200,360.0,0.3
2023-10-01,Oceania,Electronics,1,300,300,90.0,0.3
2023-03-06,North Asia,Beauty,3,50,150,45.0,0.3
2023-05-21,Central,Electronics,3,300,900,270.0,0.3
2023-01-24,South,Beauty,3,50,150,45.0,0.3
2023-01-28,Oceania,Electronics,3,30,90,27.0,0.3
2023-10-11,EMEA,Electronics,1,500,500,150.0,0.3
2023-05-30,North,Beauty,3,30,90,27.0,0.3
2023-12-24,East,Electronics,1,50,50,15.0,0.3
2023-03-06,Oceania,Electronics,4,50,200,60.0,0.3
2023-11-23,EMEA,Electronics,3,30,90,27.0,0.3
2023-09-09,East,Beauty,2,25,50,15.0,0.3
2023-02-22,West,Beauty,3,25,75,22.5,0.3
2023-01-07,Oceania,Electronics,3,25,75,22.5,0.3
2023-10-21,North,Electronics,1,50,50,15.0,0.3
2023-05-26,Caribbean,Beauty,3,300,900,270.0,0.3
2023-08-29,Central,Beauty,2,50,100,30.0,0.3
2023-09-03,North,Electronics,1,300,300,90.0,0.3
2023-08-14,Central,Electronics,1,30,30,9.0,0.3
2023-06-24,South,Electronics,4,500,2000,600.0,0.3
2023-04-05,Central,Clothing,4,300,1200,360.0,0.3
2023-01-27,Central,Beauty,3,25,75,22.5,0.3
2023-05-10,Central,Clothing,4,50,200,60.0,0.3
2023-09-02,Southeast Asia,Beauty,4,30,120,36.0,0.3
2023-02-28,Caribbean,Beauty,4,25,100,30.0,0.3
2023-02-03,Africa,Beauty,1,30,30,9.0,0.3
2023-07-25,South,Beauty,1,500,500,150.0,0.3
2023-09-09,Central,Beauty,1,50,50,15.0,0.3
2023-02-07,Central Asia,Beauty,4,50,200,60.0,0.3
2023-10-23,Central,Beauty,1,500,500,150.0,0.3
2023-11-19,North Asia,Clothing,4,50,200,60.0,0.3
2023-12-18,Central,Electronics,1,300,300,90.0,0.3
2023-01-28,Southeast Asia,Electronics,1,30,30,9.0,0.3
2023-03-19,EMEA,Clothing,2,25,50,15.0,0.3
2023-03-18,North,Clothing,3,500,1500,450.0,0.3
2023-10-16,East,Clothing,4,300,1200,360.0,0.3
2023-06-05,Central Asia,Clothing,2,25,50,15.0,0.3
2023-02-13,North Asia,Beauty,1,25,25,7.5,0.3
2023-05-08,Central Asia,Electronics,4,500,2000,600.0,0.3
2023-03-02,Southeast Asia,Beauty,1,300,300,90.0,0.3
2023-10-13,Central,Electronics,3,25,75,22.5,0.3
2023-08-02,North,Electronics,2,25,50,15.0,0.3
2023-11-07,North Asia,Clothing,3,300,900,270.0,0.3
2023-11-02,Central,Beauty,2,50,100,30.0,0.3
2023-11-13,North,Clothing,1,25,25,7.5,0.3
2023-04-26,Central,Beauty,3,30,90,27.0,0.3
2023-09-25,EMEA,Electronics,3,300,900,270.0,0.3
2023-07-14,EMEA,Clothing,1,25,25,7.5,0.3
2023-08-19,Central Asia,Clothing,3,500,1500,450.0,0.3
2023-08-15,West,Electronics,4,30,120,36.0,0.3
2023-06-02,North Asia,Electronics,2,25,50,15.0,0.3
2023-10-29,Oceania,Electronics,2,30,60,18.0,0.3
2023-08-08,East,Clothing,2,30,60,18.0,0.3
2023-06-06,Central,Beauty,4,50,200,60.0,0.3
2023-10-19,East,Clothing,2,30,60,18.0,0.3
2023-11-14,EMEA,Beauty,1,50,50,15.0,0.3
2023-01-31,Central,Clothing,3,300,900,270.0,0.3
2023-11-09,North Asia,Clothing,4,50,200,60.0,0.3
2023-02-20,North Asia,Electronics,2,500,1000,300.0,0.3
2023-04-17,North,Beauty,1,25,25,7.5,0.3
2023-11-17,Oceania,Clothing,3,300,900,270.0,0.3
2023-04-19,North Asia,Clothing,3,300,900,270.0,0.3
2023-05-16,Southeast Asia,Electronics,4,500,2000,600.0,0.3
2023-12-05,Africa,Electronics,4,50,200,60.0,0.3
2023-02-11,North,Beauty,4,25,100,30.0,0.3
2023-03-22,Central Asia,Clothing,1,50,50,15.0,0.3
2023-05-03,North Asia,Beauty,1,30,30,9.0,0.3
2023-03-30,West,Clothing,4,50,200,60.0,0.3
2023-10-10,South,Beauty,2,300,600,180.0,0.3
2023-02-08,East,Electronics,3,25,75,22.5,0.3
2023-03-22,North,Clothing,3,50,150,45.0,0.3
2023-01-02,Caribbean,Beauty,1,25,25,7.5,0.3
2023-07-29,Caribbean,Electronics,3,25,75,22.5,0.3
2023-08-19,Caribbean,Electronics,2,30,60,18.0,0.3
2023-12-19,North,Beauty,3,30,90,27.0,0.3
2023-11-01,North,Clothing,1,300,300,90.0,0.3
2023-08-29,Oceania,Clothing,1,500,500,150.0,0.3
2023-05-30,North,Electronics,2,25,50,15.0,0.3
2023-01-17,Central,Clothing,2,500,1000,300.0,0.3
2023-04-29,North,Clothing,3,300,900,270.0,0.3
2023-05-28,North Asia,Clothing,3,25,75,22.5,0.3
2023-12-28,South,Electronics,1,25,25,7.5,0.3
2023-05-25,North,Beauty,2,500,1000,300.0,0.3
2023-12-26,East,Clothing,2,50,100,30.0,0.3
2023-08-21,North Asia,Electronics,2,30,60,18.0,0.3
2023-02-06,West,Electronics,3,50,150,45.0,0.3
2023-12-18,Central,Beauty,2,500,1000,300.0,0.3
2023-04-30,EMEA,Clothing,1,30,30,9.0,0.3
2023-05-16,North Asia,Clothing,1,50,50,15.0,0.3
2023-11-17,South,Beauty,3,30,90,27.0,0.3
2023-10-29,Oceania,Beauty,4,25,100,30.0,0.3
2023-12-05,South,Electronics,3,50,150,45.0,0.3
2023-04-12,Southeast Asia,Electronics,4,30,120,36.0,0.3
